ID,B_treat,L_treat,day,silo,container,length,normality
BG9,T,T,2,0,4,41.7,a
BG10,T,T,2,0,4,45.8,a
BG7,T,T,2,0,4,45.8,a
BG10,T,T,2,0,4,46.4,a
BG10,T,T,2,0,4,50.5,a
BG5,C,T,2,0,4,51.5,a
BG4,C,T,2,0,4,51.6,a
BG6,T,T,7,1,4,51.6,a
BG5,C,C,2,0,1,52.1,a
BG6,T,T,2,0,4,53.2,a
BG10,T,T,2,0,4,53.6,a
BG8,T,T,2,0,4,54.8,a
BG9,T,T,7,1,4,55.05,a
BG10,T,T,2,0,4,55.3,a
BG5,C,C,2,0,1,55.6,a
BG10,T,T,2,0,4,55.8,a
BG5,C,T,2,0,4,56,a
BG7,T,T,2,0,4,56.3,n
BG8,T,T,7,1,4,56.75,a
BG6,T,T,2,0,4,57.1,a
BG10,T,T,2,0,4,57.4,a
BG9,T,T,2,0,4,57.4,a
BG6,T,T,7,2,5,57.5,a
BG8,T,T,2,0,4,57.8,a
BG6,T,T,7,3,6,57.85,n
BG8,T,T,2,0,4,57.9,a
BG5,C,T,2,0,4,58.2,a
BG6,T,T,7,1,4,58.25,a
BG7,T,C,2,0,1,58.3,n
BG6,T,T,2,0,4,58.4,n
BG3,C,C,2,0,1,58.5,a
BG6,T,T,2,0,4,58.5,a
BG6,T,T,2,0,4,58.6,a
BG7,T,T,2,0,4,58.7,a
BG7,T,T,2,0,4,58.7,a
BG5,C,T,2,0,4,58.8,a
BG7,T,T,2,0,4,58.8,n
BG8,T,T,2,0,4,58.9,a
BG7,T,T,7,1,4,58.95,n
BG7,T,T,7,3,6,59,n
BG9,T,T,2,0,4,59.2,a
BG7,T,T,2,0,4,59.4,a
BG9,T,T,2,0,4,59.4,a
BG9,T,T,2,0,4,59.4,a
BG10,T,T,2,0,4,59.5,a
BG4,C,T,2,0,4,59.5,a
BG8,T,T,7,1,4,59.5,n
BG10,T,T,2,0,4,59.7,a
BG6,T,T,7,3,6,60.05,a
BG5,C,C,2,0,1,60.1,a
BG10,T,C,2,0,1,60.2,a
BG10,T,C,2,0,1,60.2,n
BG10,T,T,2,0,4,60.2,a
BG8,T,T,2,0,4,60.2,a
BG7,T,T,2,0,4,60.3,n
BG7,T,T,2,0,4,60.4,n
BG8,T,T,7,2,5,60.4,n
BG9,T,T,7,2,5,60.45,n
BG10,T,T,2,0,4,60.5,a
BG10,T,C,2,0,1,60.6,a
BG8,T,T,7,3,6,60.65,n
BG10,T,T,2,0,4,60.8,a
BG10,T,T,2,0,4,60.8,n
BG5,C,T,2,0,4,60.8,a
BG6,T,T,2,0,4,60.8,a
BG8,T,T,7,3,6,60.9,a
BG9,T,T,7,3,6,61.05,n
BG5,C,C,2,0,1,61.1,a
BG4,C,T,2,0,4,61.5,a
BG9,T,T,2,0,4,61.5,a
BG8,T,T,7,3,6,61.55,n
BG8,T,C,2,0,1,61.7,n
BG8,T,T,7,3,6,61.75,n
BG9,T,T,2,0,4,61.8,n
BG6,T,T,7,2,5,61.8,a
BG5,C,T,2,0,4,61.9,a
BG10,T,T,2,0,4,62,n
BG6,T,T,2,0,4,62,a
BG4,C,T,7,2,5,62.05,a
BG7,T,T,2,0,4,62.1,a
BG8,T,T,2,0,4,62.1,a
BG5,C,T,7,2,5,62.15,n
BG5,C,C,2,0,1,62.2,a
BG10,T,T,2,0,4,62.3,n
BG5,C,T,2,0,4,62.3,a
BG8,T,T,7,3,6,62.3,n
BG9,T,T,2,0,4,62.4,a
BG9,T,T,2,0,4,62.4,a
BG9,T,T,2,0,4,62.4,a
BG6,T,T,2,0,4,62.5,a
BG6,T,T,7,3,6,62.6,a
BG9,T,T,7,2,5,62.6,n
BG5,C,T,2,0,4,62.7,a
BG6,T,T,2,0,4,62.7,n
BG7,T,C,2,0,1,62.7,n
BG6,T,T,2,0,4,62.8,n
BG8,T,T,7,3,6,62.8,n
BG6,T,T,2,0,4,62.9,a
BG7,T,C,2,0,1,62.9,n
BG8,T,T,2,0,4,62.9,a
BG7,T,T,7,3,6,62.95,n
BG5,C,C,2,0,1,63,a
BG6,T,T,2,0,4,63.1,a
BG7,T,T,2,0,4,63.1,a
BG9,T,T,2,0,4,63.1,a
BG5,C,C,2,0,1,63.2,a
BG5,C,C,2,0,1,63.2,a
BG10,T,T,2,0,4,63.3,n
BG9,T,T,2,0,4,63.3,a
BG6,T,T,7,3,6,63.3,n
BG8,T,T,7,3,6,63.3,n
BG10,T,C,2,0,1,63.6,a
BG10,T,T,2,0,4,63.6,a
BG4,C,T,2,0,4,63.6,a
BG9,T,T,2,0,4,63.6,n
BG7,T,T,2,0,4,63.7,n
BG8,T,T,7,3,6,63.75,a
BG8,T,T,7,3,6,63.75,a
BG4,C,T,2,0,4,63.8,n
BG5,C,C,2,0,1,63.8,a
BG10,T,T,2,0,4,63.9,a
BG6,T,C,2,0,1,63.9,a
BG8,T,T,2,0,4,63.9,a
BG5,C,C,2,0,1,64,a
BG8,T,T,2,0,4,64,n
BG7,T,C,2,0,1,64.1,n
BG8,T,T,2,0,4,64.1,n
BG9,T,T,2,0,4,64.1,a
BG9,T,T,2,0,4,64.1,n
BG6,T,T,2,0,4,64.2,a
BG6,T,T,7,1,4,64.25,a
BG8,T,T,7,3,6,64.25,n
BG8,T,T,2,0,4,64.3,a
BG8,T,T,2,0,4,64.4,n
BG4,C,T,2,0,4,64.5,n
BG5,C,C,2,0,1,64.5,a
BG7,T,C,2,0,1,64.5,n
BG10,T,T,2,0,4,64.7,a
BG7,T,T,2,0,4,64.7,a
BG9,T,T,2,0,4,64.7,n
BG8,T,T,7,2,5,64.7,n
BG6,T,T,7,3,6,64.85,a
BG7,T,C,2,0,1,64.9,n
BG9,T,T,2,0,4,64.9,a
BG8,T,T,7,2,5,64.95,n
BG8,T,T,2,0,4,65.1,n
BG6,T,C,2,0,1,65.2,n
BG9,T,T,7,1,4,65.25,n
BG7,T,T,2,0,4,65.3,n
BG7,T,T,7,2,5,65.3,n
BG9,T,T,7,3,6,65.35,n
BG4,C,T,2,0,4,65.5,n
BG5,C,C,2,0,1,65.6,a
BG9,T,T,7,3,6,65.6,a
BG3,C,T,2,0,4,65.7,a
BG5,C,T,2,0,4,65.8,a
BG3,C,T,2,0,4,65.9,a
BG5,C,T,2,0,4,65.9,n
BG4,C,T,7,1,4,65.9,n
BG10,T,C,2,0,1,66,a
BG5,C,T,2,0,4,66,a
BG5,C,T,2,0,4,66,a
BG6,T,C,2,0,1,66,a
BG7,T,T,2,0,4,66,n
BG5,C,T,7,2,5,66,a
BG8,T,T,7,3,6,66.05,n
BG5,C,T,2,0,4,66.1,a
BG7,T,C,2,0,1,66.1,n
BG6,T,T,7,3,6,66.1,a
BG6,T,T,7,1,4,66.15,a
BG9,T,T,7,3,6,66.15,a
BG8,T,T,2,0,4,66.3,n
BG9,T,T,2,0,4,66.3,a
BG10,T,C,2,0,1,66.4,n
BG3,C,T,2,0,4,66.4,a
BG4,C,T,2,0,4,66.4,n
BG5,C,C,2,0,1,66.4,a
BG9,T,T,2,0,4,66.4,a
BG5,C,C,7,3,3,66.4,n
BG6,T,T,7,3,6,66.4,n
BG8,T,T,7,3,6,66.4,a
BG6,T,T,14,2,5,66.4,n
BG10,T,C,2,0,1,66.5,a
BG4,C,C,2,0,1,66.6,n
BG9,T,C,2,0,1,66.7,n
BG3,C,T,7,2,5,66.75,n
BG4,C,T,2,0,4,66.8,a
BG5,C,T,2,0,4,66.8,n
BG6,T,T,2,0,4,66.8,a
BG6,T,T,7,3,6,66.85,a
BG4,C,C,2,0,1,66.9,a
BG4,C,T,7,2,5,66.9,n
BG6,T,T,7,1,4,66.95,n
BG8,T,T,7,3,6,66.95,a
BG9,T,T,7,3,6,66.95,n
BG8,T,T,2,0,4,67,n
BG9,T,T,2,0,4,67,a
BG7,T,T,7,1,4,67.05,a
BG7,T,T,7,1,4,67.05,a
BG10,T,C,2,0,1,67.1,a
BG3,C,T,2,0,4,67.1,a
BG5,C,T,2,0,4,67.1,a
BG4,C,C,2,0,1,67.2,n
BG6,T,T,2,0,4,67.4,n
BG10,T,T,2,0,4,67.5,a
BG7,T,C,2,0,1,67.5,n
BG3,C,T,7,2,5,67.55,n
BG10,T,T,2,0,4,67.6,n
BG3,C,T,2,0,4,67.6,n
BG9,T,C,2,0,1,67.6,n
BG8,T,T,7,1,4,67.65,a
BG7,T,C,7,3,3,67.75,a
BG3,C,T,2,0,4,67.8,a
BG9,T,T,2,0,4,67.8,a
BG3,C,T,2,0,4,67.9,a
BG5,C,T,7,2,5,67.9,n
BG9,T,T,7,2,5,67.9,a
BG4,C,T,7,2,5,68,n
BG6,T,T,7,1,4,68,a
BG8,T,T,2,0,4,68.1,a
BG5,C,C,2,0,1,68.2,a
BG5,C,C,7,1,1,68.35,n
BG5,C,T,7,2,5,68.35,n
BG4,C,T,2,0,4,68.4,a
BG4,C,T,2,0,4,68.4,a
BG4,C,T,2,0,4,68.4,n
BG6,T,T,2,0,4,68.4,a
BG8,T,C,2,0,1,68.4,n
BG9,T,T,2,0,4,68.4,n
BG8,T,T,7,1,4,68.45,a
BG6,T,T,2,0,4,68.6,a
BG6,T,T,2,0,4,68.6,n
BG9,T,C,2,0,1,68.7,n
BG3,C,T,7,2,5,68.75,a
BG5,C,C,2,0,1,68.8,a
BG6,T,T,7,1,4,68.8,a
BG7,T,T,2,0,4,68.9,n
BG8,T,T,2,0,4,68.9,n
BG5,C,T,7,2,5,68.9,a
BG8,T,T,7,3,6,68.9,a
BG8,T,T,7,3,6,68.9,n
BG9,T,C,7,2,2,68.9,n
BG8,T,C,2,0,1,69,n
BG5,C,T,7,2,5,69,n
BG3,C,T,7,1,4,69.05,n
BG10,T,C,2,0,1,69.1,n
BG6,T,T,2,0,4,69.1,a
BG7,T,C,2,0,1,69.1,n
BG10,T,C,2,0,1,69.2,a
BG7,T,T,7,2,5,69.25,a
BG4,C,T,2,0,4,69.3,n
BG4,C,T,2,0,4,69.3,n
BG4,C,C,2,0,1,69.4,n
BG5,C,C,2,0,1,69.4,a
BG6,T,T,2,0,4,69.4,a
BG9,T,C,2,0,1,69.4,a
BG9,T,T,2,0,4,69.4,a
BG4,C,C,7,1,1,69.4,n
BG5,C,C,2,0,1,69.5,a
BG3,C,T,7,2,5,69.5,a
BG4,C,T,7,2,5,69.5,n
BG3,C,T,7,2,5,69.6,n
BG8,T,C,2,0,1,69.7,n
BG8,T,T,7,3,6,69.7,a
BG7,T,T,2,0,4,69.8,n
BG8,T,T,2,0,4,69.8,n
BG6,T,T,7,2,5,69.85,a
BG6,T,T,2,0,4,69.9,n
BG10,T,T,2,0,4,70,a
BG4,C,C,2,0,1,70,n
BG6,T,C,2,0,1,70,n
BG7,T,C,2,0,1,70,n
BG3,C,C,7,1,1,70,a
BG5,C,T,7,2,5,70,n
BG5,C,C,2,0,1,70.1,a
BG7,T,T,2,0,4,70.1,a
BG3,C,T,7,1,4,70.1,n
BG4,C,C,7,1,1,70.1,n
BG5,C,C,2,0,1,70.2,a
BG6,T,C,2,0,1,70.2,a
BG8,T,C,2,0,1,70.2,n
BG5,C,C,7,3,3,70.25,n
BG9,T,C,7,2,2,70.3,n
BG4,C,T,2,0,4,70.4,a
BG6,T,C,2,0,1,70.4,n
BG5,C,C,7,3,3,70.45,n
BG5,C,T,2,0,4,70.5,n
BG7,T,C,2,0,1,70.5,n
BG9,T,C,2,0,1,70.5,n
BG9,T,T,7,1,4,70.55,n
BG8,T,T,7,1,4,70.65,a
BG7,T,T,2,0,4,70.7,n
BG5,C,T,7,2,5,70.7,n
BG5,C,C,7,3,3,70.75,n
BG8,T,T,2,0,4,70.8,n
BG8,T,T,7,2,5,70.85,n
BG10,T,T,2,0,4,70.9,a
BG3,C,T,2,0,4,70.9,n
BG6,T,C,2,0,1,70.9,n
BG5,C,C,7,2,2,70.95,n
BG5,C,T,2,0,4,71,a
BG5,C,C,2,0,1,71.1,a
BG5,C,T,2,0,4,71.1,n
BG8,T,T,2,0,4,71.1,n
BG8,T,C,7,1,1,71.1,n
BG5,C,C,7,2,2,71.15,n
BG10,T,T,2,0,4,71.2,n
BG8,T,C,2,0,1,71.2,n
BG8,T,C,2,0,1,71.2,n
BG9,T,C,2,0,1,71.2,n
BG5,C,T,7,2,5,71.2,a
BG9,T,T,7,2,5,71.25,a
BG6,T,T,7,1,4,71.4,a
BG5,C,C,2,0,1,71.5,n
BG5,C,T,2,0,4,71.5,a
BG6,T,C,2,0,1,71.5,a
BG8,T,C,2,0,1,71.5,n
BG8,T,T,2,0,4,71.5,a
BG5,C,T,7,2,5,71.5,a
BG8,T,C,7,2,2,71.5,n
BG9,T,T,7,2,5,71.5,n
BG3,C,C,2,0,1,71.6,a
BG3,C,T,2,0,4,71.6,a
BG4,C,C,2,0,1,71.6,a
BG6,T,C,2,0,1,71.6,n
BG8,T,C,2,0,1,71.6,n
BG8,T,T,2,0,4,71.6,n
BG5,C,C,7,1,1,71.65,n
BG3,C,C,2,0,1,71.7,n
BG6,T,C,2,0,1,71.7,n
BG7,T,T,2,0,4,71.7,n
BG8,T,C,2,0,1,71.7,n
BG9,T,C,2,0,1,71.7,n
BG3,C,C,7,1,1,71.7,n
BG7,T,C,2,0,1,71.8,n
BG7,T,C,2,0,1,71.8,n
BG10,T,C,2,0,1,72,n
BG4,C,C,2,0,1,72,a
BG4,C,T,2,0,4,72,a
BG8,T,T,7,3,6,72.05,a
BG4,C,T,2,0,4,72.1,a
BG8,T,T,7,2,5,72.1,a
BG3,C,T,7,1,4,72.2,n
BG10,T,C,2,0,1,72.3,n
BG3,C,T,2,0,4,72.3,a
BG4,C,C,2,0,1,72.3,a
BG4,C,C,2,0,1,72.3,n
BG6,T,T,2,0,4,72.3,a
BG3,C,T,7,2,5,72.3,n
BG5,C,C,7,1,1,72.3,n
BG7,T,C,2,0,1,72.4,n
BG5,C,C,7,2,2,72.4,n
BG8,T,C,2,0,1,72.5,n
BG6,T,C,2,0,1,72.6,n
BG3,C,T,7,2,5,72.7,n
BG4,C,C,2,0,1,72.8,a
BG9,T,T,2,0,4,72.8,n
BG10,T,C,2,0,1,72.9,n
BG9,T,C,2,0,1,72.9,n
BG3,C,T,7,1,4,72.9,n
BG9,T,C,7,2,2,72.95,n
BG7,T,C,2,0,1,73,n
BG8,T,C,2,0,1,73,n
BG9,T,C,2,0,1,73,n
BG9,T,C,2,0,1,73,n
BG8,T,T,7,1,4,73.05,n
BG9,T,T,7,3,6,73.05,a
BG5,C,C,7,2,2,73.1,n
BG7,T,T,7,1,4,73.15,a
BG8,T,T,7,3,6,73.15,n
BG4,C,C,2,0,1,73.2,n
BG10,T,C,2,0,1,73.3,a
BG3,C,T,7,2,5,73.3,a
BG5,C,C,7,3,3,73.35,n
BG10,T,C,2,0,1,73.4,n
BG10,T,C,2,0,1,73.4,n
BG3,C,C,7,1,1,73.4,a
BG5,C,C,7,2,2,73.45,n
BG4,C,C,2,0,1,73.5,n
BG7,T,C,2,0,1,73.5,n
BG9,T,C,2,0,1,73.5,n
BG9,T,T,2,0,4,73.5,n
BG3,C,T,7,2,5,73.5,n
BG3,C,T,7,1,4,73.65,n
BG3,C,T,7,1,4,73.65,n
BG10,T,C,2,0,1,73.7,n
BG5,C,T,7,2,5,73.7,n
BG8,T,T,7,3,6,73.7,a
BG8,T,C,2,0,1,73.9,n
BG6,T,T,7,1,4,73.9,a
BG9,T,T,7,1,4,73.9,a
BG5,C,T,7,2,5,73.95,a
BG10,T,C,2,0,1,74,a
BG4,C,T,2,0,4,74,a
BG8,T,C,2,0,1,74,n
BG10,T,C,2,0,1,74.1,n
BG6,T,C,2,0,1,74.1,n
BG6,T,C,2,0,1,74.1,n
BG7,T,C,2,0,1,74.1,n
BG9,T,C,2,0,1,74.1,n
BG6,T,T,7,1,4,74.2,n
BG8,T,T,7,3,6,74.25,n
BG9,T,T,7,3,6,74.25,a
BG5,C,C,7,2,2,74.3,n
BG9,T,T,7,1,4,74.3,a
BG5,C,T,7,2,5,74.35,n
BG4,C,C,2,0,1,74.4,n
BG6,T,C,2,0,1,74.4,n
BG3,C,C,7,1,1,74.4,n
BG6,T,C,7,2,2,74.4,n
BG6,T,T,7,3,6,74.4,a
BG4,C,C,2,0,1,74.5,n
BG6,T,T,2,0,4,74.5,n
BG9,T,C,2,0,1,74.5,n
BG8,T,T,7,3,6,74.5,a
BG8,T,T,7,3,6,74.5,a
BG7,T,C,2,0,1,74.6,n
BG10,T,C,2,0,1,74.7,n
BG7,T,T,2,0,4,74.7,n
BG9,T,C,2,0,1,74.7,n
BG3,C,T,7,1,4,74.7,n
BG9,T,C,7,2,2,74.75,n
BG6,T,C,2,0,1,74.8,n
BG6,T,T,2,0,4,74.8,n
BG6,T,T,7,1,4,74.8,a
BG9,T,C,7,2,2,74.8,n
BG3,C,T,7,1,4,74.85,n
BG5,C,T,7,2,5,74.85,n
BG9,T,T,7,3,6,74.85,a
BG6,T,C,2,0,1,74.9,n
BG8,T,T,7,2,5,74.95,a
BG4,C,T,2,0,4,75,n
BG7,T,C,2,0,1,75,n
BG7,T,C,2,0,1,75,n
BG8,T,C,2,0,1,75,n
BG8,T,T,2,0,4,75,n
BG7,T,C,2,0,1,75.1,n
BG8,T,C,2,0,1,75.1,n
BG8,T,T,2,0,4,75.1,a
BG10,T,C,2,0,1,75.2,a
BG6,T,C,2,0,1,75.2,n
BG8,T,C,2,0,1,75.2,n
BG8,T,C,7,1,1,75.2,a
BG9,T,C,7,2,2,75.2,n
BG3,C,T,7,1,4,75.25,n
BG3,C,C,2,0,1,75.3,a
BG4,C,T,2,0,4,75.3,n
BG5,C,C,2,0,1,75.3,n
BG8,T,C,2,0,1,75.3,n
BG3,C,C,2,0,1,75.4,n
BG3,C,T,2,0,4,75.4,a
BG3,C,T,7,2,5,75.4,n
BG5,C,T,7,2,5,75.4,n
BG3,C,T,7,1,4,75.45,n
BG10,T,C,2,0,1,75.5,n
BG5,C,T,2,0,4,75.6,n
BG9,T,C,2,0,1,75.6,n
BG8,T,C,2,0,1,75.7,n
BG4,C,T,7,3,6,75.7,n
BG5,C,T,7,2,5,75.7,n
BG7,T,C,2,0,1,75.8,n
BG6,T,C,2,0,1,75.9,n
BG9,T,C,2,0,1,75.9,n
BG3,C,C,7,1,1,76.3,a
BG3,C,T,7,2,5,76.3,n
BG3,C,T,7,2,5,76.35,n
BG6,T,T,7,3,6,76.45,a
BG8,T,C,7,2,2,76.45,n
BG3,C,T,7,1,4,76.55,n
BG3,C,T,7,1,4,76.55,n
BG8,T,T,14,1,4,76.6,a
BG4,C,C,2,0,1,76.7,n
BG9,T,C,2,0,1,76.7,n
BG5,C,C,7,2,2,76.75,n
BG4,C,C,2,0,1,76.8,n
BG4,C,C,2,0,1,76.8,n
BG4,C,C,7,3,3,76.8,n
BG5,C,C,7,2,2,76.8,n
BG8,T,C,2,0,1,76.9,n
BG8,T,C,2,0,1,76.9,n
BG8,T,C,2,0,1,77,n
BG5,C,T,7,2,5,77,n
BG9,T,T,7,2,5,77,a
BG9,T,C,2,0,1,77.1,n
BG4,C,C,2,0,1,77.2,n
BG7,T,T,7,3,6,77.25,n
BG8,T,T,7,1,4,77.35,a
BG10,T,C,2,0,1,77.4,n
BG9,T,C,2,0,1,77.4,n
BG3,C,C,2,0,1,77.5,a
BG6,T,C,2,0,1,77.5,n
BG9,T,C,2,0,1,77.5,n
BG9,T,T,7,3,6,77.5,a
BG3,C,T,2,0,4,77.6,a
BG3,C,C,7,1,1,77.6,a
BG8,T,T,2,0,4,77.7,n
BG9,T,C,2,0,1,77.7,n
BG4,C,C,7,1,1,77.7,n
BG8,T,C,2,0,1,77.8,n
BG4,C,C,7,2,2,77.8,n
BG3,C,T,7,2,5,77.85,n
BG8,T,T,7,1,4,77.9,a
BG8,T,T,7,2,5,77.9,a
BG3,C,T,7,2,5,77.95,n
BG4,C,C,7,3,3,77.95,n
BG8,T,T,7,1,4,77.95,a
BG5,C,T,7,2,5,78.1,n
BG9,T,C,2,0,1,78.2,n
BG5,C,C,7,2,2,78.2,n
BG5,C,C,7,2,2,78.2,n
BG9,T,T,7,1,4,78.2,a
BG8,T,C,2,0,1,78.3,n
BG8,T,T,7,2,5,78.3,a
BG5,C,C,7,3,3,78.35,n
BG9,T,T,7,2,5,78.35,a
BG3,C,C,2,0,1,78.5,n
BG4,C,C,14,1,1,78.7,n
BG4,C,C,7,3,3,78.8,n
BG3,C,T,7,1,4,78.85,a
BG3,C,T,7,1,4,78.85,n
BG4,C,T,2,0,4,79,a
BG9,T,C,2,0,1,79.1,n
BG9,T,T,7,1,4,79.1,a
BG3,C,T,7,2,5,79.15,a
BG8,T,T,7,1,4,79.25,a
BG8,T,T,7,2,5,79.3,a
BG6,T,T,7,3,6,79.55,a
BG5,C,T,7,2,5,79.6,n
BG3,C,T,7,2,5,79.75,n
BG3,C,T,7,2,5,79.95,n
BG4,C,C,2,0,1,80,n
BG6,T,T,7,1,4,80,n
BG8,T,T,14,1,4,80.3,a
BG4,C,T,7,1,4,80.35,n
BG6,T,T,7,3,6,80.35,n
BG4,C,T,7,2,5,80.45,n
BG7,T,T,7,1,4,80.45,a
BG5,C,C,7,3,3,80.5,n
BG9,T,T,7,2,5,80.6,n
BG8,T,T,7,2,5,80.65,a
BG4,C,C,2,0,1,80.8,n
BG5,C,T,7,2,5,80.8,n
BG4,C,T,7,2,5,80.85,n
BG4,C,T,7,2,5,80.95,n
BG7,T,C,2,0,1,81,n
BG4,C,T,7,3,6,81.1,n
BG4,C,T,7,3,6,81.15,n
BG4,C,C,7,2,2,81.2,n
BG3,C,C,7,1,1,81.3,n
BG4,C,T,7,1,4,81.35,a
BG5,C,C,7,2,2,81.85,n
BG3,C,T,7,1,4,82.15,n
BG5,C,T,7,2,5,82.15,n
BG3,C,C,7,1,1,82.2,a
BG7,T,T,7,2,5,82.25,a
BG9,T,T,7,3,6,82.3,a
BG7,T,T,7,3,6,82.4,a
BG6,T,T,7,2,5,82.45,a
BG9,T,T,7,2,5,82.5,a
BG6,T,T,7,2,5,82.55,a
BG3,C,T,7,1,4,82.6,a
BG4,C,C,7,1,1,82.6,n
BG4,C,C,7,2,2,82.65,n
BG5,C,T,7,2,5,82.65,a
BG4,C,T,7,1,4,82.8,n
BG3,C,T,7,1,4,82.85,n
BG9,T,C,7,2,2,82.85,n
BG3,C,C,7,1,1,82.9,n
BG6,T,C,2,0,1,83,n
BG4,C,T,7,3,6,83,n
BG4,C,T,7,3,6,83,n
BG6,T,T,7,1,4,83.05,n
BG3,C,T,7,1,4,83.65,n
BG6,T,T,7,2,5,83.65,a
BG4,C,C,7,3,3,83.9,n
BG9,T,T,7,3,6,83.95,a
BG4,C,T,7,3,6,84.15,a
BG4,C,T,7,3,6,84.4,a
BG9,T,T,7,1,4,84.55,a
BG4,C,C,14,1,1,84.6,n
BG3,C,T,7,2,5,84.75,a
BG9,T,T,7,2,5,84.75,a
BG4,C,C,7,3,3,84.85,n
BG6,T,C,7,2,2,84.85,a
BG4,C,C,7,3,3,84.9,n
BG4,C,T,7,1,4,85,n
BG8,T,C,7,1,1,85.05,n
BG5,C,C,7,3,3,85.15,n
BG9,T,T,7,2,5,85.15,a
BG5,C,C,7,3,3,85.4,n
BG4,C,T,7,3,6,85.65,n
BG7,T,T,7,2,5,85.7,a
BG4,C,C,7,2,2,85.75,a
BG3,C,C,7,1,1,85.8,n
BG4,C,T,7,3,6,85.85,n
BG9,T,T,7,3,6,86,a
BG7,T,C,7,2,2,86.2,n
BG9,T,C,7,1,1,86.2,n
BG8,T,T,14,3,6,86.4,a
BG4,C,C,7,1,1,86.6,n
BG8,T,T,7,2,5,86.65,n
BG4,C,T,7,3,6,86.8,n
BG8,T,T,7,2,5,86.8,a
BG7,T,T,7,3,6,87,n
BG9,T,T,7,3,6,87.05,a
BG7,T,T,7,2,5,87.2,a
BG3,C,T,7,1,4,87.25,n
BG8,T,C,7,2,2,87.25,n
BG9,T,T,7,2,5,87.35,a
BG3,C,C,7,1,1,87.5,n
BG9,T,T,7,3,6,87.55,a
BG5,C,C,7,1,1,87.65,n
BG4,C,T,7,3,6,87.7,n
BG4,C,T,7,2,5,87.85,a
BG4,C,C,7,3,3,87.95,n
BG8,T,C,7,1,1,88.15,a
BG9,T,C,7,1,1,88.3,a
BG4,C,T,7,1,4,88.45,n
BG6,T,T,7,2,5,88.45,a
BG6,T,T,7,3,6,88.55,n
BG5,C,C,7,1,1,88.7,a
BG4,C,T,7,1,4,88.75,n
BG5,C,T,7,2,5,88.85,a
BG4,C,T,7,3,6,89,n
BG4,C,T,7,1,4,89.25,n
BG8,T,T,7,3,6,89.25,a
BG6,T,T,7,2,5,89.35,a
BG7,T,C,7,2,2,89.35,n
BG8,T,T,7,2,5,89.35,a
BG4,C,T,7,2,5,89.4,a
BG9,T,C,7,3,3,89.5,n
BG9,T,T,7,2,5,89.65,a
BG4,C,T,7,2,5,89.75,a
BG7,T,C,7,3,3,89.75,n
BG3,C,T,7,1,4,89.9,n
BG4,C,T,7,1,4,89.9,n
BG6,T,T,7,2,5,89.95,a
BG4,C,C,7,1,1,90,n
BG8,T,T,14,2,5,90,a
BG4,C,T,7,1,4,90.1,a
BG4,C,T,7,2,5,90.25,a
BG4,C,C,7,3,3,90.5,n
BG9,T,T,7,1,4,90.5,n
BG8,T,T,7,2,5,90.55,a
BG5,C,C,7,1,1,90.6,n
BG5,C,C,7,3,3,90.65,n
BG7,T,C,7,2,2,90.7,n
BG3,C,C,7,1,1,90.8,n
BG8,T,T,14,2,5,90.9,a
BG5,C,T,7,2,5,90.95,n
BG7,T,C,7,1,1,91,n
BG3,C,C,14,1,1,91.2,n
BG9,T,T,7,3,6,91.3,a
BG4,C,T,7,1,4,91.45,n
BG6,T,T,14,2,5,91.5,a
BG3,C,C,7,1,1,91.6,a
BG7,T,C,7,1,1,91.6,n
BG5,C,T,7,2,5,91.75,n
BG4,C,T,7,1,4,91.8,n
BG8,T,T,7,2,5,91.8,a
BG4,C,T,7,1,4,91.85,n
BG4,C,C,7,1,1,91.9,n
BG4,C,C,7,2,2,91.95,n
BG5,C,C,7,2,2,91.95,n
BG9,T,T,7,2,5,91.95,a
BG9,T,C,7,1,1,92,n
BG9,T,T,7,1,4,92,a
BG7,T,C,7,1,1,92.1,n
BG7,T,C,7,3,3,92.15,n
BG3,C,T,7,2,5,92.35,n
BG7,T,C,7,1,1,92.35,n
BG9,T,C,7,2,2,92.45,n
BG4,C,T,7,1,4,92.6,n
BG9,T,T,7,1,4,92.65,a
BG7,T,C,7,1,1,92.7,n
BG7,T,C,7,2,2,92.75,n
BG6,T,T,14,2,5,93,a
BG7,T,T,7,1,4,93.05,a
BG6,T,T,7,2,5,93.1,a
BG6,T,T,7,2,5,93.1,a
BG5,C,C,7,1,1,93.15,n
BG8,T,C,7,1,1,93.25,n
BG4,C,C,7,1,1,93.3,n
BG9,T,T,7,1,4,93.3,n
BG6,T,T,14,2,5,93.3,a
BG8,T,T,14,3,6,93.4,a
BG5,C,T,7,2,5,93.55,n
BG9,T,C,7,3,3,93.55,n
BG4,C,C,7,2,2,93.65,n
BG7,T,C,7,1,1,93.7,n
BG4,C,C,7,3,3,93.8,n
BG4,C,C,7,1,1,93.9,n
BG5,C,T,7,2,5,93.9,n
BG4,C,C,7,2,2,93.95,n
BG7,T,C,7,3,3,93.95,a
BG7,T,T,7,2,5,94,n
BG8,T,T,14,3,6,94,a
BG7,T,T,7,3,6,94.1,n
BG4,C,T,7,2,5,94.15,n
BG7,T,C,7,1,1,94.2,n
BG4,C,C,7,2,2,94.3,n
BG6,T,T,7,2,5,94.35,a
BG4,C,T,7,2,5,94.4,n
BG3,C,T,7,2,5,94.5,a
BG8,T,T,7,1,4,94.5,a
BG4,C,T,7,3,6,94.6,n
BG6,T,T,14,2,5,94.6,a
BG4,C,C,7,3,3,94.65,n
BG6,T,T,7,1,4,94.65,a
BG4,C,T,7,1,4,94.7,n
BG8,T,C,7,1,1,94.75,a
BG3,C,C,7,1,1,94.8,n
BG7,T,C,7,1,1,94.8,n
BG3,C,T,7,2,5,95,n
BG5,C,C,7,3,3,95.1,n
BG6,T,T,7,3,6,95.15,a
BG3,C,T,7,1,4,95.3,n
BG5,C,C,7,1,1,95.3,n
BG5,C,C,7,3,3,95.3,n
BG4,C,C,7,1,1,95.4,n
BG4,C,C,7,3,3,95.4,n
BG4,C,C,7,2,2,95.5,n
BG4,C,T,7,3,6,95.5,n
BG6,T,T,7,1,4,95.5,a
BG4,C,C,7,1,1,95.7,n
BG6,T,T,7,1,4,95.8,a
BG7,T,C,7,2,2,95.85,n
BG7,T,C,7,1,1,95.9,n
BG9,T,T,7,1,4,96,a
BG4,C,T,7,1,4,96.1,a
BG7,T,C,7,1,1,96.1,n
BG3,C,T,7,2,5,96.15,n
BG4,C,T,7,1,4,96.15,a
BG5,C,C,7,2,2,96.15,n
BG7,T,C,7,2,2,96.35,n
BG9,T,T,7,3,6,96.35,n
BG4,C,T,7,3,6,96.45,a
BG7,T,C,7,1,1,96.45,n
BG3,C,C,7,1,1,96.6,n
BG5,C,C,7,1,1,96.65,n
BG5,C,C,7,2,2,96.65,a
BG7,T,C,7,3,3,96.65,n
BG8,T,C,7,2,2,96.65,n
BG8,T,C,7,1,1,96.7,a
BG9,T,C,7,1,1,96.8,n
BG4,C,C,7,1,1,96.9,n
BG4,C,C,7,2,2,97,n
BG7,T,T,7,2,5,97.15,a
BG7,T,C,7,1,1,97.2,n
BG7,T,T,14,2,5,97.2,a
BG7,T,T,14,2,5,97.2,a
BG9,T,T,7,3,6,97.3,a
BG4,C,T,7,2,5,97.35,n
BG9,T,C,7,2,2,97.35,n
BG4,C,C,14,1,1,97.5,n
BG4,C,C,7,1,1,97.6,n
BG8,T,C,7,1,1,97.65,n
BG7,T,C,7,2,2,97.7,n
BG7,T,T,7,3,6,97.75,n
BG4,C,C,7,1,1,97.8,n
BG7,T,C,7,2,2,97.9,n
BG9,T,T,7,1,4,97.9,n
BG7,T,C,7,1,1,97.95,n
BG8,T,T,14,3,6,98,a
BG7,T,C,7,2,2,98.2,n
BG8,T,T,14,3,6,98.2,a
BG4,C,C,7,2,2,98.35,n
BG4,C,C,7,2,2,98.35,n
BG4,C,T,7,2,5,98.35,n
BG8,T,T,7,1,4,98.35,a
BG9,T,C,7,3,3,98.35,n
BG8,T,T,7,2,5,98.5,a
BG7,T,C,7,2,2,98.55,n
BG7,T,C,7,3,3,98.55,a
BG8,T,T,7,1,4,98.65,n
BG8,T,T,7,2,5,98.7,n
BG7,T,C,7,2,2,98.85,n
BG7,T,C,7,3,3,98.85,n
BG4,C,C,7,2,2,98.9,n
BG7,T,T,7,3,6,98.9,a
BG9,T,C,7,1,1,98.9,n
BG9,T,C,7,1,1,98.9,n
BG8,T,C,7,2,2,98.95,n
BG8,T,T,7,2,5,99,a
BG7,T,C,14,3,3,99,n
BG6,T,T,7,2,5,99.1,a
BG4,C,T,7,3,6,99.15,n
BG5,C,C,7,2,2,99.3,n
BG7,T,C,7,2,2,99.35,n
BG8,T,T,7,1,4,99.35,a
BG6,T,T,7,3,6,99.6,a
BG4,C,C,7,3,3,99.75,n
BG7,T,C,7,2,2,99.75,n
BG4,C,C,7,3,3,99.95,n
BG6,T,T,7,3,6,99.95,n
BG8,T,T,7,2,5,99.95,a
BG4,C,C,7,3,3,100.1,n
BG4,C,T,7,2,5,100.2,n
BG8,T,T,7,1,4,100.2,a
BG9,T,C,7,3,3,100.3,n
BG6,T,C,7,2,2,100.55,n
BG6,T,T,7,1,4,100.6,n
BG8,T,T,7,2,5,100.6,a
BG6,T,T,14,2,5,100.6,n
BG5,C,C,7,1,1,100.7,n
BG8,T,T,7,1,4,100.7,n
BG7,T,T,7,1,4,100.75,a
BG4,C,C,7,2,2,100.8,a
BG4,C,C,7,2,2,100.8,n
BG7,T,T,7,2,5,100.8,a
BG5,C,C,7,1,1,100.95,n
BG6,T,T,7,2,5,101,n
BG3,C,T,7,1,4,101.1,n
BG9,T,T,7,3,6,101.1,n
BG8,T,T,7,3,6,101.2,a
BG8,T,C,7,3,3,101.25,a
BG7,T,C,7,1,1,101.35,n
BG4,C,T,7,3,6,101.45,n
BG9,T,T,7,1,4,101.45,a
BG9,T,C,7,1,1,101.55,n
BG6,T,C,7,2,2,101.6,n
BG7,T,T,7,1,4,101.6,n
BG8,T,T,14,2,5,101.7,a
BG9,T,T,7,1,4,101.75,a
BG3,C,T,7,1,4,101.8,n
BG5,C,C,7,1,1,101.9,n
BG6,T,C,7,3,3,101.9,n
BG5,C,C,7,3,3,102.1,n
BG8,T,C,7,3,3,102.15,n
BG4,C,C,7,2,2,102.2,n
BG6,T,T,7,1,4,102.2,n
BG3,C,T,7,1,4,102.4,n
BG6,T,T,7,1,4,102.4,a
BG7,T,C,7,3,3,102.5,n
BG6,T,T,7,1,4,102.6,n
BG4,C,T,7,2,5,102.7,n
BG6,T,C,7,2,2,102.7,n
BG6,T,T,14,2,5,102.8,a
BG5,C,C,7,1,1,102.85,n
BG8,T,T,14,1,4,102.9,a
BG5,C,C,7,1,1,102.95,n
BG4,C,T,7,3,6,103,n
BG7,T,C,7,3,3,103.1,n
BG8,T,C,7,3,3,103.1,n
BG7,T,T,7,2,5,103.15,a
BG4,C,C,7,1,1,103.2,n
BG7,T,T,7,3,6,103.2,n
BG7,T,C,7,1,1,103.3,n
BG4,C,C,7,2,2,103.35,n
BG4,C,C,7,1,1,103.4,n
BG5,C,C,7,3,3,103.5,n
BG6,T,T,7,1,4,103.6,a
BG4,C,T,7,2,5,103.7,n
BG4,C,C,7,2,2,103.85,n
BG7,T,C,7,1,1,104,n
BG9,T,C,7,1,1,104,n
BG5,C,C,7,2,2,104.1,n
BG8,T,C,7,3,3,104.1,a
BG9,T,C,7,1,1,104.1,n
BG7,T,C,7,1,1,104.2,n
BG7,T,T,7,2,5,104.25,n
BG8,T,C,7,1,1,104.25,n
BG3,C,C,7,1,1,104.3,n
BG5,C,C,7,1,1,104.45,n
BG6,T,T,7,1,4,104.7,a
BG7,T,C,14,1,1,104.7,n
BG5,C,C,7,3,3,104.9,n
BG5,C,C,7,3,3,104.95,n
BG9,T,C,7,1,1,104.95,n
BG5,C,C,7,2,2,105,n
BG8,T,T,7,1,4,105.05,n
BG8,T,C,7,1,1,105.1,n
BG6,T,C,7,3,3,105.15,n
BG8,T,C,7,2,2,105.15,n
BG4,C,C,7,3,3,105.2,n
BG9,T,T,7,2,5,105.25,a
BG5,C,C,7,1,1,105.3,n
BG8,T,C,7,1,1,105.3,n
BG6,T,C,7,2,2,105.45,n
BG9,T,T,7,2,5,105.55,a
BG9,T,C,7,3,3,105.6,n
BG9,T,T,7,3,6,105.9,n
BG3,C,C,14,1,1,106,n
BG4,C,C,7,2,2,106.1,n
BG4,C,C,7,3,3,106.25,n
BG7,T,C,7,2,2,106.25,n
BG7,T,C,7,2,2,106.25,n
BG4,C,C,7,1,1,106.3,n
BG4,C,C,7,2,2,106.3,n
BG5,C,C,7,1,1,106.35,n
BG8,T,C,7,2,2,106.4,a
BG7,T,T,7,2,5,106.45,a
BG7,T,T,7,2,5,106.6,n
BG8,T,T,7,1,4,106.6,n
BG6,T,C,7,3,3,106.8,n
BG3,C,T,7,2,5,106.85,a
BG9,T,C,7,1,1,107.05,n
BG4,C,C,7,1,1,107.1,n
BG5,C,C,7,3,3,107.3,n
BG9,T,T,7,3,6,107.4,n
BG4,C,C,7,3,3,107.45,n
BG9,T,T,7,1,4,107.7,n
BG4,C,T,7,2,5,107.75,n
BG6,T,C,7,2,2,107.85,n
BG7,T,C,7,3,3,107.9,n
BG6,T,T,7,2,5,107.95,n
BG7,T,C,7,3,3,107.95,n
BG7,T,T,7,2,5,108.05,n
BG8,T,T,14,2,5,108.2,a
BG9,T,C,7,2,2,108.25,n
BG4,C,C,7,2,2,108.3,n
BG8,T,C,7,2,2,108.3,n
BG7,T,T,7,3,6,108.75,a
BG8,T,C,7,1,1,109,n
BG5,C,C,7,1,1,109.1,n
BG6,T,C,7,2,2,109.1,n
BG8,T,T,14,2,5,109.2,a
BG3,C,T,7,1,4,109.3,n
BG3,C,C,7,1,1,109.4,n
BG8,T,T,14,2,5,109.4,a
BG8,T,T,7,1,4,109.45,n
BG3,C,C,7,1,1,109.5,n
BG7,T,C,7,1,1,109.5,n
BG9,T,C,7,1,1,109.5,n
BG6,T,T,14,2,5,109.5,a
BG9,T,C,7,3,3,109.55,n
BG5,C,C,7,2,2,109.6,a
BG8,T,C,7,1,1,109.6,n
BG9,T,C,7,3,3,109.6,n
BG7,T,T,7,3,6,109.65,n
BG9,T,C,7,2,2,109.75,n
BG5,C,C,7,3,3,109.8,n
BG8,T,C,7,1,1,109.8,n
BG7,T,C,7,1,1,110,n
BG7,T,T,7,2,5,110.05,n
BG5,C,C,7,1,1,110.1,n
BG5,C,C,7,2,2,110.1,n
BG7,T,C,7,3,3,110.1,n
BG7,T,C,7,3,3,110.1,n
BG9,T,T,7,3,6,110.1,n
BG7,T,T,14,3,6,110.1,a
BG4,C,T,7,2,5,110.2,n
BG4,C,C,7,3,3,110.25,n
BG8,T,C,7,2,2,110.25,n
BG7,T,C,7,3,3,110.35,n
BG9,T,C,7,2,2,110.35,n
BG8,T,T,7,1,4,110.4,n
BG7,T,C,7,1,1,110.5,n
BG8,T,T,7,2,5,110.55,a
BG4,C,C,7,1,1,110.6,n
BG7,T,C,7,3,3,110.75,n
BG6,T,C,7,3,3,110.9,n
BG7,T,C,7,1,1,110.95,n
BG6,T,C,7,3,3,111.15,n
BG6,T,T,7,3,6,111.15,n
BG6,T,T,7,1,4,111.2,n
BG7,T,T,7,1,4,111.2,n
BG7,T,T,7,2,5,111.25,a
BG8,T,C,7,1,1,111.35,n
BG4,C,C,7,1,1,111.4,n
BG4,C,C,7,2,2,111.45,n
BG7,T,C,7,3,3,111.45,n
BG7,T,C,7,3,3,111.5,n
BG6,T,T,14,2,5,111.5,a
BG7,T,C,7,1,1,111.65,n
BG7,T,T,14,2,5,111.7,a
BG4,C,T,7,2,5,111.75,n
BG5,C,C,7,2,2,111.75,n
BG9,T,C,7,1,1,111.75,n
BG7,T,T,7,1,4,111.8,n
BG6,T,C,7,3,3,111.9,n
BG8,T,C,7,2,2,111.9,n
BG4,C,C,7,1,1,112,n
BG7,T,T,7,1,4,112.05,n
BG3,C,C,7,1,1,112.1,n
BG8,T,C,7,3,3,112.25,n
BG4,C,C,7,3,3,112.35,n
BG4,C,C,7,3,3,112.35,n
BG4,C,T,7,2,5,112.35,n
BG4,C,C,7,1,1,112.4,n
BG6,T,C,7,2,2,112.4,n
BG7,T,T,7,3,6,112.4,n
BG8,T,C,7,1,1,112.4,n
BG9,T,C,7,1,1,112.45,n
BG8,T,C,7,1,1,112.5,n
BG7,T,T,14,3,6,112.6,a
BG5,C,C,7,1,1,112.65,n
BG7,T,C,7,3,3,112.65,n
BG7,T,C,7,3,3,112.65,n
BG7,T,T,7,2,5,112.65,a
BG8,T,C,7,2,2,112.65,n
BG4,C,C,7,1,1,112.9,n
BG9,T,C,7,1,1,113,n
BG4,C,C,7,3,3,113.05,n
BG8,T,C,7,1,1,113.3,n
BG6,T,C,7,2,2,113.4,n
BG6,T,C,7,2,2,113.4,n
BG6,T,T,7,2,5,113.5,n
BG6,T,C,14,2,2,113.5,n
BG9,T,C,7,3,3,113.55,n
BG4,C,C,7,3,3,113.65,n
BG9,T,C,7,3,3,113.65,n
BG9,T,T,7,1,4,113.7,a
BG9,T,C,7,3,3,113.75,n
BG7,T,T,7,2,5,113.8,n
BG8,T,T,7,1,4,113.8,n
BG4,C,T,7,3,6,113.85,n
BG6,T,C,7,2,2,113.85,n
BG9,T,C,7,1,1,113.9,n
BG6,T,T,7,1,4,113.95,n
BG7,T,T,7,3,6,114,n
BG8,T,C,7,1,1,114.1,n
BG8,T,C,7,3,3,114.1,n
BG6,T,C,7,2,2,114.2,n
BG7,T,T,7,3,6,114.2,a
BG9,T,T,7,1,4,114.2,a
BG8,T,T,7,2,5,114.35,n
BG9,T,C,7,1,1,114.35,n
BG4,C,T,7,2,5,114.4,n
BG6,T,C,14,2,2,114.6,n
BG6,T,C,7,3,3,114.65,n
BG6,T,C,7,2,2,114.75,n
BG7,T,T,7,3,6,114.75,n
BG7,T,T,7,2,5,114.85,a
BG8,T,T,7,1,4,114.85,n
BG3,C,C,7,1,1,115.1,n
BG8,T,C,7,3,3,115.15,n
BG3,C,C,7,1,1,115.2,a
BG9,T,C,7,1,1,115.2,n
BG8,T,C,7,3,3,115.25,n
BG7,T,C,7,2,2,115.3,n
BG7,T,T,7,1,4,115.3,a
BG9,T,C,7,1,1,115.3,n
BG9,T,T,7,1,4,115.3,n
BG7,T,C,7,1,1,115.4,n
BG7,T,C,7,2,2,115.45,n
BG7,T,C,7,3,3,115.45,n
BG8,T,C,7,1,1,115.45,a
BG8,T,T,7,1,4,115.5,n
BG4,C,C,7,2,2,115.55,n
BG8,T,C,7,2,2,115.6,n
BG9,T,C,7,3,3,115.7,n
BG8,T,C,7,2,2,115.85,n
BG8,T,C,7,3,3,115.9,n
BG8,T,C,7,3,3,115.9,n
BG4,C,C,7,3,3,116.05,n
BG6,T,C,7,3,3,116.1,n
BG7,T,T,7,2,5,116.1,n
BG9,T,C,7,3,3,116.3,n
BG9,T,T,7,1,4,116.3,n
BG7,T,C,7,2,2,116.35,n
BG7,T,T,7,1,4,116.65,n
BG5,C,C,7,2,2,116.85,n
BG7,T,T,7,1,4,116.9,n
BG8,T,T,14,3,6,117,a
BG6,T,C,7,3,3,117.15,n
BG4,C,C,7,1,1,117.7,n
BG9,T,C,7,3,3,117.75,a
BG7,T,C,7,1,1,117.95,n
BG8,T,T,7,1,4,118.1,n
BG9,T,T,7,3,6,118.15,n
BG6,T,T,7,2,5,118.25,n
BG8,T,T,7,2,5,118.3,a
BG9,T,C,7,3,3,118.35,n
BG8,T,C,7,3,3,118.45,n
BG9,T,C,7,2,2,118.45,n
BG8,T,C,7,3,3,118.5,n
BG9,T,C,7,1,1,118.6,n
BG8,T,C,7,2,2,118.7,n
BG6,T,T,7,1,4,118.8,n
BG6,T,C,7,3,3,118.9,n
BG6,T,T,14,2,5,119,n
BG5,C,C,7,3,3,119.3,n
BG6,T,T,7,1,4,119.5,n
BG7,T,C,7,3,3,119.55,n
BG6,T,T,7,2,5,119.6,n
BG7,T,T,7,1,4,119.7,n
BG9,T,C,7,3,3,119.7,n
BG7,T,T,14,2,5,119.7,a
BG4,C,C,7,3,3,119.9,n
BG6,T,C,7,2,2,120,n
BG7,T,T,14,3,6,120,a
BG8,T,C,7,1,1,120.05,n
BG7,T,C,7,3,3,120.1,n
BG7,T,T,7,2,5,120.15,n
BG8,T,C,7,3,3,120.2,n
BG7,T,C,7,3,3,120.3,n
BG6,T,T,14,2,5,120.3,n
BG9,T,C,7,3,3,120.45,n
BG7,T,C,7,3,3,120.55,n
BG9,T,C,7,3,3,120.55,n
BG8,T,T,7,1,4,120.6,a
BG8,T,C,7,1,1,120.9,n
BG7,T,C,7,1,1,121.1,n
BG4,C,C,7,3,3,121.25,n
BG5,C,C,7,3,3,121.35,n
BG6,T,T,7,3,6,121.5,n
BG8,T,C,7,1,1,121.5,n
BG8,T,C,7,3,3,121.8,n
BG9,T,T,7,1,4,121.85,a
BG8,T,C,7,1,1,121.95,n
BG6,T,C,7,3,3,122,n
BG7,T,C,7,3,3,122.1,n
BG8,T,C,7,3,3,122.15,n
BG9,T,C,7,2,2,122.15,n
BG6,T,C,7,2,2,122.25,n
BG9,T,C,7,1,1,122.25,n
BG6,T,T,7,3,6,122.45,n
BG6,T,C,7,3,3,122.7,n
BG6,T,C,7,3,3,122.7,n
BG7,T,C,7,3,3,122.7,n
BG6,T,T,7,3,6,123.1,n
BG8,T,T,7,2,5,123.2,n
BG8,T,T,7,2,5,123.2,n
BG8,T,T,14,3,6,123.2,a
BG6,T,C,7,3,3,123.4,n
BG6,T,C,7,3,3,123.5,n
BG7,T,C,14,3,3,123.5,n
BG9,T,C,7,2,2,123.7,n
BG6,T,C,7,3,3,123.75,n
BG7,T,T,7,3,6,123.75,n
BG7,T,T,7,1,4,123.8,n
BG7,T,T,14,2,5,123.9,a
BG7,T,C,7,2,2,123.95,n
BG7,T,T,7,3,6,123.95,n
BG6,T,T,7,2,5,124,n
BG8,T,C,7,3,3,124.05,n
BG8,T,T,14,3,6,124.1,a
BG8,T,C,7,3,3,124.35,n
BG7,T,T,7,1,4,124.4,n
BG7,T,T,7,1,4,124.4,n
BG9,T,C,7,1,1,124.4,n
BG8,T,T,7,2,5,124.5,n
BG4,C,C,7,2,2,124.55,n
BG6,T,C,7,2,2,124.6,n
BG9,T,T,7,2,5,124.75,n
BG6,T,C,7,3,3,124.95,n
BG7,T,C,7,1,1,125,n
BG7,T,T,7,1,4,125,n
BG8,T,C,7,3,3,125,n
BG8,T,C,7,3,3,125.15,n
BG9,T,C,7,3,3,125.2,n
BG6,T,C,7,2,2,125.25,n
BG8,T,T,7,3,6,125.25,n
BG7,T,C,7,2,2,125.35,n
BG7,T,C,7,1,1,125.45,n
BG8,T,C,7,1,1,125.45,n
BG6,T,C,7,2,2,125.75,n
BG8,T,C,7,2,2,125.75,a
BG7,T,C,7,3,3,126,n
BG7,T,C,14,1,1,126,a
BG6,T,T,7,1,4,126.05,n
BG9,T,C,7,3,3,126.05,n
BG6,T,C,7,2,2,126.1,n
BG6,T,C,7,3,3,126.2,n
BG6,T,C,7,3,3,126.25,n
BG7,T,C,7,3,3,126.25,n
BG9,T,C,14,1,1,126.4,n
BG9,T,C,7,2,2,126.6,n
BG9,T,T,7,1,4,126.75,n
BG9,T,C,7,3,3,126.95,n
BG6,T,C,7,3,3,127.3,n
BG8,T,T,7,1,4,127.3,n
BG8,T,C,7,1,1,127.35,n
BG9,T,C,7,3,3,127.35,n
BG9,T,C,7,3,3,127.5,n
BG6,T,T,7,2,5,127.55,n
BG6,T,T,7,3,6,127.65,n
BG9,T,T,7,3,6,127.7,n
BG9,T,T,7,1,4,128,n
BG8,T,C,7,3,3,128.15,n
BG9,T,C,7,3,3,128.2,n
BG7,T,T,14,2,5,128.3,a
BG7,T,C,7,2,2,128.4,n
BG8,T,C,7,1,1,128.4,n
BG8,T,T,14,3,6,128.7,a
BG4,C,T,7,2,5,128.9,n
BG8,T,C,7,1,1,128.9,n
BG9,T,C,7,2,2,128.95,n
BG9,T,T,7,2,5,129.25,n
BG6,T,C,7,3,3,129.4,n
BG8,T,T,7,2,5,129.4,n
BG8,T,C,7,1,1,129.55,n
BG9,T,C,7,2,2,129.55,n
BG9,T,C,7,3,3,129.6,n
BG4,C,C,14,3,3,129.6,n
BG4,C,T,7,3,6,129.65,n
BG7,T,T,7,1,4,129.95,n
BG7,T,T,7,3,6,129.95,n
BG4,C,C,14,3,3,130.2,n
BG9,T,C,7,2,2,130.45,n
BG9,T,T,7,3,6,130.45,n
BG8,T,C,7,3,3,130.5,n
BG9,T,T,7,2,5,130.55,n
BG8,T,C,7,1,1,130.75,n
BG9,T,C,7,2,2,130.9,n
BG8,T,C,7,3,3,131.25,n
BG9,T,C,7,3,3,131.25,n
BG8,T,C,7,3,3,131.4,n
BG7,T,T,7,2,5,131.5,n
BG7,T,T,7,3,6,131.7,n
BG4,C,C,14,3,3,131.7,n
BG7,T,T,7,2,5,132,n
BG9,T,C,7,2,2,132,n
BG6,T,T,14,2,5,132.1,n
BG8,T,C,7,1,1,132.2,n
BG8,T,T,14,3,6,132.2,a
BG9,T,C,7,3,3,132.25,n
BG6,T,T,7,2,5,133.2,n
BG4,C,C,7,3,3,133.35,n
BG7,T,T,14,3,6,133.4,a
BG7,T,T,7,2,5,133.6,n
BG8,T,C,7,3,3,134.05,n
BG7,T,T,7,1,4,134.45,n
BG7,T,C,7,2,2,134.55,n
BG7,T,C,14,1,1,134.9,n
BG9,T,C,14,1,1,135.1,n
BG9,T,T,7,2,5,135.35,n
BG6,T,T,7,2,5,135.5,n
BG4,C,C,14,3,3,135.9,n
BG3,C,C,14,1,1,136.3,n
BG8,T,T,14,3,6,136.4,a
BG8,T,T,14,3,6,136.8,n
BG8,T,T,7,2,5,136.85,n
BG7,T,T,14,2,5,136.9,n
BG8,T,C,7,3,3,137.05,n
BG7,T,T,7,3,6,137.65,n
BG8,T,T,14,3,6,138.2,n
BG7,T,T,7,2,5,138.9,n
BG4,C,C,14,3,3,139.9,n
BG7,T,T,7,2,5,140.4,n
BG8,T,T,14,3,6,141.4,a
BG7,T,T,7,2,5,143.4,n
BG7,T,T,14,3,6,145.6,a
BG9,T,C,14,2,2,145.7,n
BG3,C,C,14,1,1,147.1,n
BG4,C,C,14,3,3,147.2,n
BG7,T,T,14,2,5,148.1,a
BG7,T,T,14,3,6,148.6,a
BG7,T,T,14,3,6,149.2,a
BG8,T,T,14,3,6,149.3,n
BG7,T,T,14,1,4,149.6,n
BG7,T,T,14,2,5,150,a
BG8,T,T,14,3,6,150.3,n
BG3,C,C,14,1,1,151.2,n
BG3,C,C,14,1,1,151.2,n
BG8,T,C,7,3,3,151.7,n
BG8,T,T,14,2,5,151.9,n
BG8,T,T,14,2,5,152.6,n
BG8,T,T,14,1,4,153.3,n
BG7,T,T,14,3,6,155,n
BG4,C,C,14,3,3,155.1,a
BG3,C,C,14,1,1,156.8,n
BG4,C,C,14,1,1,156.8,n
BG4,C,C,14,1,1,156.8,n
BG7,T,C,14,1,1,157.1,n
BG4,C,C,14,1,1,157.7,n
BG8,T,T,14,1,4,157.7,a
BG4,C,C,14,1,1,157.9,n
BG3,C,C,14,1,1,160.2,n
BG4,C,C,14,1,1,160.3,n
BG4,C,C,14,1,1,160.5,n
BG3,C,C,14,1,1,161.1,n
BG7,T,T,14,3,6,161.7,n
BG6,T,C,14,3,3,161.9,n
BG7,T,C,14,1,1,162.3,n
BG8,T,T,14,2,5,163.1,a
BG8,T,T,14,2,5,163.2,n
BG8,T,T,14,3,6,163.6,n
BG7,T,T,14,3,6,164.1,n
BG3,C,C,14,1,1,164.3,n
BG7,T,T,14,3,6,164.3,n
BG7,T,T,14,1,4,165.8,n
BG4,C,C,14,3,3,166.5,n
BG9,T,C,14,2,2,166.9,n
BG4,C,C,14,1,1,167.9,n
BG8,T,T,14,2,5,168.3,n
BG7,T,T,14,3,6,168.6,n
BG7,T,T,14,1,4,168.8,n
BG7,T,T,14,3,6,168.9,n
BG4,C,C,14,3,3,169.4,n
BG8,T,T,14,1,4,169.4,n
BG7,T,T,14,3,6,169.9,n
BG7,T,C,14,1,1,170,n
BG7,T,T,14,3,6,170.2,n
BG6,T,T,14,2,5,170.4,a
BG8,T,C,14,1,1,170.8,n
BG7,T,T,14,3,6,171,a
BG6,T,T,14,2,5,171.1,n
BG7,T,T,14,3,6,171.3,n
BG4,C,C,14,1,1,171.4,n
BG6,T,T,14,2,5,171.7,a
BG8,T,T,14,3,6,172,n
BG4,C,C,14,2,2,172.4,n
BG9,T,C,14,3,3,172.4,n
BG7,T,C,14,1,1,172.7,n
BG8,T,T,14,3,6,173.1,n
BG9,T,C,14,1,1,173.1,a
BG8,T,T,14,2,5,173.6,n
BG4,C,C,14,3,3,173.7,n
BG7,T,T,14,2,5,173.7,n
BG7,T,T,14,2,5,173.8,n
BG8,T,T,14,2,5,174,n
BG7,T,T,14,2,5,174.1,n
BG7,T,T,14,3,6,174.1,n
BG7,T,T,14,2,5,174.5,n
BG3,C,C,14,1,1,174.8,n
BG7,T,C,14,1,1,175,n
BG7,T,C,14,1,1,175,n
BG9,T,C,14,1,1,175,n
BG6,T,C,14,3,3,175.5,n
BG3,C,C,14,1,1,175.7,n
BG4,C,C,14,2,2,176,n
BG8,T,T,14,3,6,176.1,n
BG8,T,T,14,1,4,176.2,n
BG8,T,T,14,1,4,176.2,n
BG3,C,C,14,1,1,176.3,n
BG9,T,C,14,1,1,176.3,n
BG7,T,T,14,2,5,176.5,n
BG4,C,C,14,3,3,176.6,n
BG8,T,C,14,3,3,177.5,n
BG4,C,C,14,2,2,177.8,n
BG4,C,C,14,2,2,178.1,n
BG7,T,T,14,2,5,178.4,n
BG6,T,C,14,2,2,178.6,n
BG3,C,C,14,1,1,179,n
BG7,T,T,14,3,6,179.1,n
BG8,T,T,14,3,6,179.1,a
BG7,T,C,14,3,3,179.4,n
BG4,C,C,14,2,2,179.8,n
BG7,T,T,14,2,5,180,n
BG7,T,T,14,3,6,180,n
BG7,T,C,14,1,1,180.1,n
BG7,T,T,14,3,6,180.1,n
BG8,T,T,14,2,5,180.1,n
BG8,T,C,14,3,3,180.2,n
BG4,C,C,14,1,1,180.4,n
BG7,T,T,14,1,4,180.4,a
BG8,T,T,14,2,5,181,n
BG7,T,C,14,3,3,181.1,n
BG7,T,T,14,2,5,181.1,a
BG6,T,T,14,2,5,181.3,n
BG4,C,C,14,2,2,181.6,n
BG8,T,T,14,1,4,181.7,n
BG7,T,T,14,2,5,181.8,n
BG6,T,C,14,3,3,182.1,n
BG6,T,T,14,2,5,182.1,n
BG8,T,T,14,1,4,182.1,n
BG7,T,C,14,1,1,182.2,n
BG8,T,T,14,2,5,182.4,n
BG8,T,T,14,2,5,182.5,n
BG8,T,C,14,1,1,182.6,n
BG4,C,C,14,1,1,183.3,n
BG4,C,C,14,1,1,183.3,n
BG7,T,T,14,3,6,183.3,n
BG3,C,C,14,1,1,183.4,n
BG8,T,T,14,1,4,183.4,n
BG8,T,T,14,1,4,183.6,n
BG8,T,T,14,1,4,183.6,n
BG6,T,C,14,2,2,183.8,n
BG6,T,C,14,3,3,183.8,n
BG7,T,T,14,1,4,183.9,n
BG8,T,T,14,1,4,183.9,n
BG6,T,C,14,2,2,184.1,n
BG6,T,T,14,2,5,184.3,n
BG6,T,C,14,3,3,184.4,n
BG7,T,T,14,1,4,184.4,n
BG4,C,C,14,3,3,184.5,n
BG6,T,C,14,3,3,184.5,n
BG7,T,C,14,3,3,184.5,n
BG7,T,C,14,3,3,184.5,n
BG7,T,T,14,2,5,184.5,n
BG4,C,C,14,2,2,184.7,n
BG8,T,C,14,1,1,184.8,n
BG9,T,C,14,3,3,184.8,n
BG8,T,T,14,1,4,184.9,n
BG7,T,T,14,2,5,185.1,n
BG9,T,C,14,3,3,185.1,n
BG3,C,C,14,1,1,185.2,n
BG4,C,C,14,1,1,185.2,n
BG7,T,T,14,2,5,185.2,n
BG7,T,T,14,1,4,185.3,a
BG9,T,C,14,3,3,185.4,n
BG6,T,C,14,2,2,185.5,n
BG3,C,C,14,1,1,185.6,n
BG7,T,C,14,1,1,185.7,n
BG7,T,T,14,1,4,185.7,n
BG4,C,C,14,2,2,185.8,n
BG8,T,T,14,1,4,185.9,n
BG6,T,C,14,3,3,186.4,n
BG8,T,C,14,3,3,186.4,n
BG8,T,C,14,3,3,186.5,a
BG8,T,T,14,1,4,186.7,n
BG4,C,C,14,3,3,186.9,n
BG4,C,C,14,3,3,187,n
BG9,T,C,14,1,1,187,n
BG8,T,T,14,1,4,187.2,n
BG6,T,T,14,2,5,187.3,n
BG6,T,C,14,2,2,187.4,n
BG9,T,C,14,3,3,187.5,n
BG8,T,T,14,1,4,187.6,n
BG6,T,T,14,2,5,187.7,n
BG9,T,C,14,3,3,187.7,n
BG9,T,C,14,3,3,187.9,n
BG7,T,T,14,1,4,188.4,n
BG4,C,C,14,1,1,188.6,n
BG7,T,C,14,1,1,188.8,n
BG8,T,T,14,1,4,189,n
BG4,C,C,14,3,3,189.1,n
BG6,T,C,14,3,3,189.1,n
BG9,T,C,14,3,3,189.2,n
BG7,T,C,14,3,3,189.5,n
BG3,C,C,14,1,1,189.7,n
BG7,T,C,14,3,3,189.7,n
BG8,T,T,14,1,4,189.8,n
BG7,T,C,14,1,1,189.9,n
BG8,T,T,14,1,4,190,n
BG9,T,C,14,1,1,190,n
BG6,T,T,14,2,5,190.1,n
BG7,T,C,14,1,1,190.1,n
BG4,C,C,14,1,1,190.5,n
BG7,T,T,14,1,4,190.5,a
BG9,T,C,14,3,3,190.8,n
BG7,T,C,14,1,1,190.9,n
BG7,T,C,14,1,1,191.1,n
BG8,T,C,14,1,1,191.1,n
BG3,C,C,14,1,1,191.3,n
BG7,T,C,14,3,3,191.3,n
BG9,T,C,14,1,1,191.3,n
BG7,T,T,14,1,4,191.6,a
BG9,T,C,14,1,1,191.7,n
BG9,T,C,14,2,2,191.8,n
BG6,T,C,14,3,3,191.9,n
BG4,C,C,14,3,3,192.1,n
BG4,C,C,14,3,3,192.1,n
BG8,T,T,14,1,4,192.1,n
BG7,T,C,14,3,3,192.4,n
BG8,T,C,14,1,1,192.4,n
BG9,T,C,14,2,2,192.4,n
BG6,T,C,14,3,3,192.5,n
BG9,T,C,14,2,2,192.5,n
BG8,T,C,14,1,1,192.6,n
BG7,T,C,14,3,3,192.7,n
BG7,T,T,14,1,4,192.8,n
BG8,T,C,14,3,3,192.8,n
BG4,C,C,14,2,2,192.9,n
BG4,C,C,14,3,3,192.9,n
BG4,C,C,14,2,2,193.2,n
BG9,T,C,14,3,3,193.2,n
BG7,T,T,14,1,4,193.4,n
BG9,T,C,14,3,3,193.4,n
BG8,T,C,14,1,1,193.6,n
BG8,T,C,14,1,1,193.6,n
BG4,C,C,14,1,1,193.7,n
BG8,T,C,14,3,3,193.7,n
BG9,T,C,14,2,2,193.8,n
BG6,T,C,14,2,2,193.9,n
BG8,T,T,14,1,4,194,n
BG7,T,C,14,1,1,194.4,n
BG9,T,C,14,3,3,194.4,n
BG7,T,T,14,2,5,194.6,n
BG4,C,C,14,2,2,194.8,n
BG3,C,C,14,1,1,195,n
BG4,C,C,14,3,3,195,n
BG6,T,T,14,2,5,195,a
BG8,T,T,14,2,5,195,n
BG8,T,T,14,2,5,195,n
BG9,T,C,14,2,2,195.1,n
BG7,T,T,14,3,6,195.2,n
BG9,T,C,14,2,2,195.2,n
BG9,T,C,14,2,2,195.2,n
BG9,T,C,14,2,2,195.5,n
BG4,C,C,14,2,2,195.6,n
BG7,T,T,14,1,4,195.8,n
BG7,T,C,14,1,1,196,n
BG8,T,C,14,1,1,196,n
BG8,T,C,14,3,3,196,n
BG8,T,C,14,3,3,196,n
BG8,T,T,14,2,5,196,n
BG4,C,C,14,2,2,196.2,n
BG7,T,C,14,3,3,196.2,n
BG6,T,C,14,2,2,196.3,n
BG6,T,C,14,3,3,196.3,n
BG8,T,T,14,2,5,196.6,n
BG7,T,C,14,1,1,196.7,n
BG9,T,C,14,2,2,196.8,n
BG4,C,C,14,1,1,196.9,n
BG6,T,C,14,2,2,197.1,n
BG9,T,C,14,2,2,197.1,n
BG7,T,C,14,3,3,197.2,n
BG8,T,C,14,3,3,197.2,n
BG3,C,C,14,1,1,197.3,n
BG9,T,C,14,1,1,197.3,n
BG9,T,C,14,3,3,197.3,n
BG9,T,C,14,3,3,197.3,n
BG6,T,C,14,2,2,197.5,n
BG8,T,C,14,1,1,197.5,n
BG6,T,C,14,3,3,198,n
BG6,T,C,14,3,3,198.2,n
BG7,T,T,14,1,4,198.2,n
BG7,T,T,14,1,4,198.3,n
BG8,T,C,14,3,3,198.6,n
BG4,C,C,14,2,2,198.7,n
BG4,C,C,14,1,1,198.9,n
BG9,T,C,14,2,2,198.9,n
BG9,T,C,14,1,1,199.1,n
BG6,T,C,14,3,3,199.2,n
BG7,T,T,14,1,4,199.3,n
BG9,T,C,14,1,1,199.6,n
BG7,T,C,14,3,3,199.7,n
BG4,C,C,14,2,2,199.8,n
BG6,T,C,14,3,3,199.9,n
BG8,T,C,14,3,3,200.1,n
BG8,T,T,14,2,5,200.1,n
BG9,T,C,14,2,2,200.1,n
BG6,T,C,14,2,2,200.4,a
BG8,T,C,14,3,3,200.5,n
BG8,T,C,14,1,1,200.6,a
BG7,T,C,14,3,3,200.7,a
BG9,T,C,14,2,2,200.7,n
BG7,T,C,14,3,3,200.9,n
BG8,T,C,14,1,1,200.9,n
BG8,T,C,14,3,3,201.2,n
BG8,T,C,14,3,3,201.2,n
BG6,T,C,14,2,2,201.3,n
BG6,T,C,14,3,3,201.3,n
BG4,C,C,14,2,2,201.5,n
BG6,T,C,14,3,3,201.5,n
BG4,C,C,14,3,3,201.8,n
BG6,T,C,14,2,2,201.8,n
BG7,T,C,14,3,3,201.8,n
BG7,T,T,14,1,4,202.1,n
BG8,T,C,14,1,1,202.1,n
BG8,T,C,14,3,3,202.2,n
BG9,T,C,14,3,3,202.2,n
BG6,T,C,14,2,2,202.3,n
BG8,T,T,14,1,4,202.3,n
BG6,T,T,14,2,5,202.6,n
BG9,T,C,14,3,3,202.7,n
BG4,C,C,14,3,3,202.9,n
BG9,T,C,14,1,1,202.9,n
BG4,C,C,14,1,1,203.1,n
BG4,C,C,14,2,2,203.2,n
BG8,T,C,14,1,1,203.2,n
BG8,T,C,14,3,3,203.2,n
BG9,T,C,14,1,1,203.2,n
BG8,T,C,14,3,3,203.6,n
BG9,T,C,14,3,3,203.7,n
BG6,T,C,14,2,2,203.8,n
BG7,T,T,14,1,4,203.9,n
BG8,T,C,14,3,3,204.1,n
BG6,T,C,14,2,2,204.4,n
BG4,C,C,14,3,3,204.5,n
BG9,T,C,14,3,3,204.8,n
BG6,T,C,14,2,2,205.4,a
BG7,T,C,14,3,3,205.4,n
BG6,T,C,14,3,3,205.5,n
BG6,T,C,14,3,3,205.5,n
BG8,T,C,14,1,1,205.5,n
BG9,T,C,14,1,1,205.6,n
BG9,T,C,14,1,1,205.7,n
BG4,C,C,14,2,2,206.4,n
BG9,T,C,14,3,3,206.5,n
BG9,T,C,14,3,3,207,n
BG7,T,T,14,1,4,207.1,a
BG4,C,C,14,2,2,207.2,n
BG4,C,C,14,2,2,207.2,n
BG9,T,C,14,3,3,207.2,n
BG4,C,C,14,2,2,207.6,n
BG6,T,T,14,2,5,207.6,n
BG7,T,C,14,1,1,207.6,n
BG4,C,C,14,2,2,207.7,n
BG6,T,C,14,2,2,207.7,n
BG9,T,C,14,2,2,207.8,n
BG8,T,C,14,1,1,207.9,n
BG8,T,C,14,3,3,208,n
BG9,T,C,14,3,3,208.1,n
BG7,T,C,14,3,3,208.2,n
BG6,T,C,14,3,3,208.3,n
BG8,T,C,14,1,1,208.4,n
BG7,T,C,14,3,3,208.5,n
BG9,T,C,14,3,3,208.5,n
BG9,T,C,14,1,1,208.6,n
BG6,T,C,14,3,3,209.2,n
BG4,C,C,14,3,3,209.3,n
BG8,T,C,14,3,3,209.4,n
BG9,T,C,14,1,1,211,n
BG9,T,C,14,1,1,211,n
BG6,T,C,14,2,2,211.1,n
BG7,T,C,14,3,3,211.2,n
BG8,T,C,14,3,3,211.8,n
BG8,T,C,14,3,3,212,n
BG8,T,T,14,3,6,212.1,n
BG6,T,C,14,2,2,212.3,n
BG9,T,C,14,3,3,212.8,n
BG9,T,C,14,3,3,212.9,n
BG7,T,C,14,1,1,213,n
BG9,T,C,14,2,2,213.1,n
BG7,T,T,14,1,4,213.8,n
BG6,T,C,14,2,2,214.4,n
BG8,T,C,14,3,3,214.4,a
BG6,T,C,14,2,2,214.5,n
BG6,T,C,14,3,3,214.6,n
BG9,T,C,14,2,2,214.6,n
BG8,T,C,14,1,1,215.5,n
BG4,C,C,14,1,1,215.7,n
BG6,T,C,14,2,2,215.9,n
BG9,T,C,14,1,1,216.1,n
BG8,T,C,14,1,1,216.3,n
BG8,T,C,14,3,3,217.2,n
BG9,T,C,14,2,2,217.4,n
BG9,T,C,14,1,1,217.5,n
BG9,T,C,14,3,3,217.8,n
BG7,T,T,14,1,4,218.5,a
BG7,T,T,14,1,4,219.4,n
BG6,T,C,14,2,2,219.7,n
BG7,T,T,14,1,4,220,n
BG9,T,C,14,3,3,220.5,n
BG7,T,T,14,1,4,220.7,n
BG7,T,C,14,3,3,220.8,n
BG9,T,C,14,3,3,224.7,n
BG8,T,C,14,1,1,225.8,n
BG9,T,C,14,2,2,228.3,n
BG8,T,C,14,1,1,229.7,n
BG4,C,C,14,2,2,230.1,n
BG8,T,C,14,3,3,230.8,n